React,Mongo,,,
Redux,,,,
Angular,,,,
Vue,,,,
NodeJS,,,,
Golang,,,,
Python,,,,
Lenovo,,,,
Apple,,,,
Macbook,,,,
Thnkpad,,,,
Acer,,,,
Asus,,,,
MSI,,,,
Dell,,,,
Pentel,,,,
Faber Castel,,,,
Strapi,,,,
JavaScript,Java,,,
Ionic,Swift,,,
React Native,,,,
Shopee,,,,
Lazada,,,,
JD Central,,,,
LiNing,,,,
Victor,Yonex,Apacs,Astec,
Call of Duty,Battlefield,CSGO,Varolant,
Nike,Adidas,Puma,Reebok,Mizuno
Gojek
EMS
Thai Airway
Thai Lion Airway
Nok Air
Nok Scoot
Airasia
Nimble
Noble
Fast and Furious
Batman
Superman
Mission Impossible
Bourne
James Bond
Invisible Guest
Miracle in cell no.7
It's ok not to be ok
Hotel del luna
Welcome to waikiki
Defendant
Doctor Prisoner
Vagabond
Fight for my way
What wrong with secretary Kim
Her private life
Something in the rain
The Rebel
Stranger Things
13 Reasons why
Prison break
The walking dead
I don't know why
ฉลาดเกมโกง
ฮาวทูทิ้ง
ไอฟายแต๊งกิ้วเลิฟยู
Cocktail
IU
Potato
Bodyslam
Clash
Taeyeon
Blackpink
Red Velvet
Eden Hazard
Lionel Messi
Cristiano Ronaldo
Zlatan Ibrahimovic
Kylian Mbappe
Neymar
Coutinho
Cristian Pulisic
Hakim Ziyech
Timo Werner
Didier Drogba
Frank Lampard
John Terry
Ashley Cole
Branislav Ivanovic
HELLO